Immatriculation,Modèle,Nom Client,Téléphone,N° Vol,Date Départ
KE-568-SY,Hyundai i20 - Blanc,Bastien Denis,0676320350,IB1360,2026-08-21 19:15
TF-347-DR,Mercedes Classe A - Gris Montagne,Clara Garnier,0691115208,IB9464,2026-08-23 18:15
NN-607-NN,Kia Ceed - Bleu,Morgane Lemaire,0619491350,TO2829,2026-08-25 07:30
SC-672-WM,Cupra Born - Bleu,Simon Brun,0665532446,AF6726,2026-08-26 14:15
NN-269-NN,Volkswagen Polo - Rouge,Chloé Vincent,0624180802,EZY9798,2026-08-22 08:45
DJ-815-VP,Mini Cooper - Vert Anglais,Nathalie Gerard,0640544510,V71545,2026-08-25 10:30
QW-646-IC,Seat Arona - Blanc,Valentin Dufour,0644038157,SN8317,2026-08-22 01:15
XR-399-FL,Audi A3 Sportback - Noir,Laura Gauthier,0624740069,AF3119,2026-08-25 05:45
PT-633-BX,Seat Leon - Gris,Alicia Meyer,0649696170,IB3893,2026-08-23 00:00
SC-334-WM,BMW X3 - Bleu,Romain Boyer,0695932555,FR9744,2026-08-25 06:30
DJ-477-VP,Toyota RAV4 - Gris,Justine Nicolas,0697432915,EZY7431,2026-08-25 06:45
RZ-659-PH,Cupra Formentor - Gris Mat,Célia Meunier,0660837829,SN4151,2026-08-21 22:00
UI-360-KW,Mercedes CLA - Noir,Guillaume Chevalier,0639611362,KL6360,2026-08-24 22:45
HV-191-XJ,Renault Austral - Rouge,Inès Rousseau,0698702766,V73988,2026-08-26 00:00
CG-802-OK,Volvo XC60 - Gris,Christophe Martinez,0686286313,BA8028,2026-08-21 19:30
DJ-139-VP,Peugeot 2008 - Bleu,Élodie Dubois,0691064145,SN1429,2026-08-21 19:45
GS-516-QE,Citroën C5 Aircross - Blanc,Adrien Matthieu,0625407311,AF7048,2026-08-25 06:30
HV-867-XJ,Skoda Octavia - Noir,Isabelle Roy,0612667428,BA8917,2026-08-22 04:15
XR-737-FL,Ford Focus - Gris,Sandrine Lucas,0667423511,FR3757,2026-08-21 11:00
FP-165-JZ,Renault Captur - Gris,Camille Bernard,0629914890,LH1499,2026-08-22 08:15
BD-113-HF,Peugeot 3008 - Gris,Sarah Martin,0696937422,BA1876,2026-08-22 15:45
LH-243-ZD,Volkswagen Golf 8 - Gris,Léa Fontaine,0669457880,SN4759,2026-08-21 13:00
FP-503-JZ,Citroën C3 - Gris Platinium,Mélanie Roussel,0610141340,AF9288,2026-08-21 19:45
ZX-763-TV,Fiat 500e - Vert,Virginie Gaillard,0638491873,SN6458,2026-08-25 09:30
EM-152-CU,Renault Clio 5 - Blanc,Julien Morel,0691881019,LH9634,2026-08-25 10:45
UI-698-KW,Dacia Sandero - Blanc,Robin Giraud,0661111194,V77158,2026-08-22 05:30
AA-776-AA,Fiat Tipo - Blanc,Fabien Barbier,0617197787,TO3709,2026-08-27 06:00
HV-529-XJ,Citroën C4 - Noir,Lucie Masson,0668757090,KL7006,2026-08-26 11:00
CG-126-OK,Peugeot 5008 - Blanc,Karim Benali,0660262538,KL3438,2026-08-25 03:30
RZ-321-PH,BMW X1 - Gris,Emma Guerin,0619428227,V79704,2026-08-23 12:00
TF-685-DR,Dacia Duster - Kaki,Amélie Blanchard,0620592395,IB6873,2026-08-20 22:15
BD-789-HF,Volvo XC40 - Noir,Audrey Arnaud,0654130468,KL5309,2026-08-25 13:45
IY-542-EO,Hyundai Tucson - Gris,Clément Marchand,0617777974,EZY9346,2026-08-25 13:30
FP-841-JZ,Nissan Qashqai - Gris,Stéphanie Renard,0677266933,LH4854,2026-08-24 18:15
BD-451-HF,Toyota Yaris - Blanc,Océane Clement,0648237654,FR2711,2026-08-22 12:00
JB-217-LT,Tesla Model Y - Noir,Sophie Girard,0632001995,BA4193,2026-08-23 16:15
QW-308-IC,BMW Série 3 - Noir,David Blanc,0665219584,LH6290,2026-08-23 10:15
LH-581-ZD,Kia Sportage - Noir,Anaïs Dumont,0614984868,V79469,2026-08-26 13:30
GS-854-QE,Nissan Juke - Rouge,Laurent Schmitt,0672807116,SN9288,2026-08-23 17:00
CG-464-OK,Toyota Yaris Cross - Noir,Florian Morin,0646250178,KL2266,2026-08-25 22:00
WO-724-YG,Ford Kuga - Noir,Jérôme Riviere,0657830539,FR3747,2026-08-23 17:45
MK-594-GI,Kia EV6 - Gris Mat,Théo Marie,0656609853,AF6985,2026-08-25 01:45
JB-555-LT,Hyundai Kona - Vert,Marine Duval,0652632753,KL2123,2026-08-26 16:45
OQ-620-US,Seat Ibiza - Rouge,Quentin Noel,0649742427,AF8694,2026-08-27 01:15
MK-256-GI,Volkswagen Tiguan - Noir,Maxime Roux,0617702621,TO4435,2026-08-26 20:15
VL-711-RB,Ford Puma - Bleu,Charlotte Joly,0664591274,EZY2870,2026-08-26 21:30
EM-490-CU,Toyota Corolla - Bleu,Arthur Henry,0686548769,TO5669,2026-08-26 03:00
AA-438-AA,Audi A1 - Rouge,Mathieu Robin,0635093690,EZY5881,2026-08-27 06:00
YU-412-MQ,Audi Q3 - Gris Nardo,Lucas Garcia,0694784489,FR3156,2026-08-21 14:30
WO-386-YG,Mercedes GLA - Bleu,Hugo Legrand,0665873276,FR8372,2026-08-23 12:30
IY-204-EO,Tesla Model 3 - Blanc,Nicolas Faure,0624350779,IB9718,2026-08-21 11:45
YU-750-MQ,Fiat 500 - Rouge,Sébastien Brunet,0638642814,TO7250,2026-08-23 10:15
OQ-282-US,Volkswagen T-Roc - Blanc,Antoine Lefebvre,0612983298,EZY8668,2026-08-26 04:45
KE-230-SY,Tesla Model Y - Gris Quicksilver,Alexandre Lambert,0675111383,FR7998,2026-08-23 12:15
EM-828-CU,Mini Countryman - Noir,Pascal Roche,0638874253,IB6961,2026-08-22 22:45
AA-100-AA,Peugeot 208 - Noir,Thomas Dupont,0626408766,AF8657,2026-08-24 22:45
ZX-425-TV,Audi Q5 - Blanc Glacier,Pauline Perrin,0673615459,V77650,2026-08-21 10:30
PT-295-BX,BMW Série 1 - Blanc,Manon Mercier,0677595661,SN4030,2026-08-27 09:15
GS-178-QE,Renault Megane E-Tech - Noir,Marc Leroy,0669921278,TO5624,2026-08-21 05:45
VL-373-RB,Mercedes GLC - Blanc,Julie François,0665635847,AF3577,2026-08-21 18:30